X,Y,CCN,REPORT_DATE,SHIFT,METHOD,OFFENSE,BLOCK,XBLOCK,YBLOCK,WARD,ANC,DISTRICT,PSA,NEIGHBORHOOD_CLUSTER,BLOCK_GROUP,CENSUS_TRACT,VOTING_PRECINCT,LATITUDE,LONGITUDE,BID,START_DATE,END_DATE,OBJECTID,OCTO_RECORD_ID,YEAR
399890.049999997,134459.280000001,25075196,2025-05-20 04:00:00+00:00,MIDNIGHT,GUN,HOMICIDE,1000 - 1099 BLOCK OF 3RD PLACE SE,399890.05,134459.28,8.0,8F,1.0,106.0,Cluster 27,007203 4,7203.0,Precinct 131,38.8779653118,-77.0012671334,CAPITOL RIVERFRONT,2025-05-21 01:35:00+00:00,2025-05-21 01:38:00+00:00,784579411,,2025
397884.670000002,141009.469999999,25062803,2025-04-29 04:00:00+00:00,MIDNIGHT,GUN,HOMICIDE,3700 - 3799 BLOCK OF GEORGIA AVENUE NW,397884.67,141009.47,4.0,4C,4.0,404.0,Cluster 18,002503 2,2503.0,Precinct 49,38.9369691497,-77.024398577,,2025-04-30 01:01:00+00:00,2025-04-30 01:04:00+00:00,784579531,,2025
401627.936999999,132937.326900002,25052409,2025-04-11 04:00:00+00:00,MIDNIGHT,OTHERS,HOMICIDE,1600 - 1699 BLOCK OF V STREET SE,401627.936959464,132937.326936797,8.0,8A,7.0,701.0,Cluster 28,007504 2,7504.0,Precinct 114,38.8642534441,-76.9812422284,,2025-04-11 03:18:00+00:00,2025-04-11 03:19:00+00:00,784579789,,2025
406827.329999998,136094.550000001,22058767,2025-06-30 04:00:00+00:00,MIDNIGHT,GUN,HOMICIDE,200 - 399 BLOCK OF 56TH STREET NE,406827.33,136094.55,7.0,7C,6.0,608.0,Cluster 31,007808 3,7808.0,Precinct 96,38.8926699447,-76.9213013002,,2022-04-28 02:21:00+00:00,2022-04-28 05:00:00+00:00,784581921,,2025
399489.988899998,134459.5255,25017092,2025-02-04 05:00:00+00:00,MIDNIGHT,GUN,HOMICIDE,1000 - 1099 BLOCK OF 1ST STREET SE,399489.98889348,134459.525530209,6.0,8F,1.0,106.0,Cluster 27,007202 2,7202.0,Precinct 131,38.8779673826,-77.005877691,CAPITOL RIVERFRONT,2025-02-04 21:28:00+00:00,2025-02-05 03:56:00+00:00,784583150,,2025
399216.590000004,128099.120000001,25073396,2025-05-17 04:00:00+00:00,MIDNIGHT,GUN,HOMICIDE,108 - 149 BLOCK OF IRVINGTON STREET SW,399216.59,128099.12,8.0,8D,7.0,708.0,Cluster 39,010900 2,10900.0,Precinct 126,38.8206698736,-77.0090212692,,2025-05-18 00:21:00+00:00,2025-05-18 03:42:00+00:00,784593063,,2025
405516.740000002,138216.93,25006012,2025-01-13 05:00:00+00:00,MIDNIGHT,GUN,HOMICIDE,4500 - 4529 BLOCK OF QUARLES STREET NE,405516.74,138216.93,7.0,7D,6.0,601.0,Cluster 29,009601 1,9601.0,Precinct 92,38.9117982933,-76.9363914318,,2025-01-13 23:38:00+00:00,2025-01-13 23:39:00+00:00,784593444,,2025
401174.995300002,130512.295000002,25056255,2025-04-18 04:00:00+00:00,MIDNIGHT,GUN,HOMICIDE,1303 - 1358 BLOCK OF CONGRESS STREET SE,401174.995263043,130512.294966546,8.0,8E,7.0,705.0,Cluster 38,007304 4,7304.0,Precinct 120,38.8424084336,-76.986465355,,2025-04-18 16:24:00+00:00,2025-04-18 16:25:00+00:00,784594290,,2025
401935.32,136325.5,25093308,2025-06-22 04:00:00+00:00,MIDNIGHT,GUN,HOMICIDE,1823 - 1899 BLOCK OF D STREET NE,401935.32,136325.5,7.0,7D,5.0,507.0,Cluster 25,007901 2,7901.0,Precinct 81,38.8947748077,-76.9776908917,,2025-06-22 04:30:00+00:00,2025-06-22 04:31:00+00:00,784594776,,2025
401935.32,136325.5,25093308,2025-06-22 04:00:00+00:00,MIDNIGHT,GUN,HOMICIDE,1823 - 1899 BLOCK OF D STREET NE,401935.32,136325.5,7.0,7D,5.0,507.0,Cluster 25,007901 2,7901.0,Precinct 81,38.8947748077,-76.9776908917,,2025-06-22 04:30:00+00:00,2025-06-22 04:31:00+00:00,784594777,,2025
399333.630000003,129224.32,25012314,2025-01-26 05:00:00+00:00,MIDNIGHT,GUN,HOMICIDE,4000 - 4098 BLOCK OF SOUTH CAPITOL STREET,399333.63,129224.32,8.0,8D,7.0,708.0,Cluster 39,009807 1,9807.0,Precinct 124,38.8308063012,-77.0076745977,,2025-01-26 19:29:00+00:00,,784594975,,2025
402363.710000001,130873.460000001,25051862,2025-04-09 04:00:00+00:00,MIDNIGHT,GUN,HOMICIDE,3400 - 3799 BLOCK OF 22ND STREET SE,402363.71,130873.46,8.0,8E,7.0,704.0,Cluster 38,007409 2,7409.0,Precinct 116,38.8456595779,-76.9727714366,,2025-04-10 03:20:00+00:00,2025-04-10 03:21:00+00:00,784595173,,2025
401427.159999996,137980.100000001,25086207,2025-06-09 04:00:00+00:00,MIDNIGHT,GUN,HOMICIDE,1200 - 1299 BLOCK OF MOUNT OLIVET ROAD NE,401427.16,137980.1,5.0,5D,5.0,506.0,Cluster 23,008804 2,8804.0,Precinct 78,38.9096810032,-76.9835451911,,2025-06-09 16:10:00+00:00,2025-06-09 16:55:00+00:00,784595343,,2025
400425.065800004,132906.288400002,89272849,2025-01-15 05:00:00+00:00,MIDNIGHT,GUN,HOMICIDE,INTERSTATE 295 SOUTHBOUND AND RAMP TO HOWARD ROAD SE,400425.0658125,132906.288375,8.0,8A,7.0,703.0,Cluster 37,007401 1,7401.0,Precinct 119,38.8639752398,-76.9951022328,,1989-05-19 21:10:00+00:00,1989-05-19 21:11:00+00:00,784596870,,2025
399627.240000002,138633.07,25101391,2025-07-05 04:00:00+00:00,MIDNIGHT,GUN,HOMICIDE,120 - 199 BLOCK OF T STREET NE,399627.24,138633.07,5.0,5F,5.0,502.0,Cluster 21,008701 2,8701.0,Precinct 75,38.9155642572,-77.004298187,,2025-07-06 02:58:00+00:00,2025-07-06 08:29:00+00:00,784597149,,2025
400588.465000004,129470.042399999,5131706,2025-02-05 05:00:00+00:00,MIDNIGHT,GUN,HOMICIDE,800 - 899 BLOCK OF XENIA STREET SE,400588.464990499,129470.042357579,8.0,8E,7.0,706.0,Cluster 39,009801 1,9801.0,Precinct 121,38.8330199372,-76.9932224259,,2005-09-27 07:25:00+00:00,2005-09-27 07:26:00+00:00,784599850,,2025
399950.138599999,130512.478799999,17194618,2025-06-30 04:00:00+00:00,MIDNIGHT,GUN,HOMICIDE,3200 - 3299 BLOCK OF 4TH STREET SE,399950.138557907,130512.478774546,8.0,8C,7.0,705.0,Cluster 39,009804 2,9804.0,Precinct 122,38.8424108727,-77.0005743486,,2017-11-09 20:44:00+00:00,2017-11-09 22:57:34+00:00,784605831,,2025
402061.0,135138.0,25070414,2025-05-12 04:00:00+00:00,MIDNIGHT,KNIFE,HOMICIDE,1900 BLOCK OF D STREET SE,402061.0,135138.0,7.0,7F,1.0,107.0,Cluster 26,006804 1,6804.0,Precinct 80,38.8840770766,-76.9762456966,,2025-05-12 18:30:00+00:00,2025-05-12 18:31:00+00:00,784895244,,2025
400691.930799998,130446.7795,25045634,2025-03-29 04:00:00+00:00,MIDNIGHT,GUN,HOMICIDE,3300 - 3399 BLOCK OF 10TH PLACE SE,400691.930814595,130446.779478485,8.0,8C,7.0,705.0,Cluster 39,007304 2,7304.0,Precinct 120,38.8418187534,-76.9920297887,,2025-03-30 03:00:00+00:00,2025-03-31 03:02:00+00:00,784897254,,2025
401329.960000001,136952.640000001,25020722,2025-03-17 04:00:00+00:00,MIDNIGHT,GUN,HOMICIDE,1400 - 1499 BLOCK OF FLORIDA AVENUE NE,401329.96,136952.64,5.0,5D,5.0,506.0,Cluster 23,008802 2,8802.0,Precinct 77,38.9004254362,-76.9846678731,,2025-02-12 02:11:00+00:00,2025-02-12 03:49:00+00:00,784897575,,2025
400246.539999999,139229.039999999,25002905,2025-01-07 05:00:00+00:00,MIDNIGHT,OTHERS,HOMICIDE,500 - 799 BLOCK OF RHODE ISLAND AVENUE NE,400246.54,139229.04,5.0,5F,5.0,502.0,Cluster 21,009204 2,9204.0,Precinct 74,38.9209329952,-76.9971570051,,2025-01-07 10:01:00+00:00,,784897801,,2025
405126.711599998,136202.183499999,24161675,2025-02-05 05:00:00+00:00,MIDNIGHT,OTHERS,HOMICIDE,4200 - 4399 BLOCK OF BROOKS STREET NE,405126.711554711,136202.183483826,7.0,7F,6.0,602.0,Cluster 33,007803 4,7803.0,Precinct 99,38.8936511088,-76.9409035361,,2024-10-18 15:45:00+00:00,2024-10-18 22:00:00+00:00,784899731,,2025
404541.469999999,136535.379999999,25022969,2025-02-16 05:00:00+00:00,MIDNIGHT,GUN,HOMICIDE,4000 - 4121 BLOCK OF MINNESOTA AVENUE NE,404541.47,136535.38,7.0,7F,6.0,602.0,Cluster 30,007803 1,7803.0,Precinct 99,38.8966558827,-76.9476475094,,2025-02-16 18:10:00+00:00,2025-02-16 18:46:00+00:00,784901117,,2025
404541.469999999,136535.379999999,25022969,2025-02-16 05:00:00+00:00,MIDNIGHT,GUN,HOMICIDE,4000 - 4121 BLOCK OF MINNESOTA AVENUE NE,404541.47,136535.38,7.0,7F,6.0,602.0,Cluster 30,007803 1,7803.0,Precinct 99,38.8966558827,-76.9476475094,,2025-02-16 18:10:00+00:00,2025-02-16 18:46:00+00:00,784901118,,2025
405126.8948,136356.843800001,25049765,2025-04-06 04:00:00+00:00,MIDNIGHT,GUN,HOMICIDE,4200 - 4399 BLOCK OF DIX STREET NE,405126.894818711,136356.84377197,7.0,7F,6.0,602.0,Cluster 30,007803 4,7803.0,Precinct 99,38.8950443442,-76.9409002694,,2025-04-06 04:45:00+00:00,2025-04-06 08:36:00+00:00,784901636,,2025
400790.549999997,136192.079999998,25044218,2025-06-26 04:00:00+00:00,MIDNIGHT,OTHERS,HOMICIDE,1100 - 1199 BLOCK OF C STREET NE,400790.55,136192.08,6.0,6A,1.0,108.0,Cluster 25,008100 2,8100.0,Precinct 85,38.893574686,-76.990887208,,2025-03-27 21:15:00+00:00,2025-03-27 21:22:00+00:00,784901700,,2025
397242.829999998,140743.199999999,25118563,2025-08-04 04:00:00+00:00,MIDNIGHT,GUN,HOMICIDE,1329 - 1399 BLOCK OF OTIS PLACE NW,397242.83,140743.2,1.0,1A,4.0,408.0,Cluster 2,002900 2,2900.0,Precinct 41,38.9345687303,-77.0318005987,,2025-08-05 01:57:00+00:00,2025-08-05 06:39:00+00:00,784902220,,2025
401348.640000001,137835.010000002,25082481,2025-06-02 04:00:00+00:00,MIDNIGHT,GUN,HOMICIDE,1200 - 1299 BLOCK OF RAUM STREET NE,401348.64,137835.01,5.0,5D,5.0,506.0,Cluster 23,008804 2,8804.0,Precinct 78,38.9083741066,-76.9844507926,,2025-06-02 23:52:00+00:00,2025-06-02 23:53:00+00:00,784902773,,2025
400923.350000001,135710.52,25087082,2025-06-10 04:00:00+00:00,MIDNIGHT,GUN,HOMICIDE,1204 - 1215 BLOCK OF EAST CAPITOL STREET SE,400923.35,135710.52,6.0,6B,1.0,107.0,Cluster 26,006700 2,6700.0,Precinct 88,38.8892364849,-76.989357049,,2025-06-11 02:08:00+00:00,2025-06-11 06:34:00+00:00,784903198,,2025
405443.890000001,135696.510000002,25070930,2025-05-13 04:00:00+00:00,MIDNIGHT,GUN,HOMICIDE,4510 - 4549 BLOCK OF BENNING ROAD SE,405443.89,135696.51,7.0,7E,6.0,604.0,Cluster 33,009906 1,9906.0,Precinct 104,38.889093908,-76.9372513747,,2025-05-13 21:10:00+00:00,2025-05-13 21:15:00+00:00,784904799,,2025
402554.274800003,131862.0207,25058641,2025-04-22 04:00:00+00:00,MIDNIGHT,GUN,HOMICIDE,2900 - 2999 BLOCK OF KNOX PLACE SE,402554.274784323,131862.020727799,8.0,8B,7.0,702.0,Cluster 36,007408 2,7408.0,Precinct 115,38.8545644303,-76.9705725705,,2025-04-22 22:40:00+00:00,2025-04-23 04:00:00+00:00,784905068,,2025
396837.939999998,140214.859999999,25016722,2025-02-04 05:00:00+00:00,MIDNIGHT,GUN,HOMICIDE,3101 - 3199 BLOCK OF 16TH STREET NW,396837.94,140214.86,1.0,1D,3.0,302.0,Cluster 2,002702 1,2702.0,Precinct 39,38.9298079189,-77.036468077,,2025-02-04 05:02:00+00:00,2025-02-04 05:02:00+00:00,784908122,,2025
401174.995300002,130512.295000002,25016849,2025-02-04 05:00:00+00:00,MIDNIGHT,GUN,HOMICIDE,1303 - 1358 BLOCK OF CONGRESS STREET SE,401174.995263043,130512.294966546,8.0,8E,7.0,705.0,Cluster 38,007304 4,7304.0,Precinct 120,38.8424084336,-76.986465355,,2025-02-04 05:03:00+00:00,2025-02-04 05:04:00+00:00,784909388,,2025
400335.109999999,131003.329999998,25113417,2025-07-26 04:00:00+00:00,MIDNIGHT,GUN,HOMICIDE,2730 - 2899 BLOCK OF MARTIN LUTHER KING JR AVENUE SE,400335.11,131003.33,8.0,8C,7.0,707.0,Cluster 39,010400 3,10400.0,Precinct 123,38.8468326159,-76.9961396645,,2025-07-27 03:16:00+00:00,2025-07-27 07:45:00+00:00,784910688,,2025
401833.719999999,133509.879999999,23164701,2025-07-02 04:00:00+00:00,MIDNIGHT,GUN,HOMICIDE,1800 - 1809 BLOCK OF MINNESOTA AVENUE SE,401833.72,133509.88,8.0,8A,6.0,607.0,Cluster 34,007601 3,7601.0,Precinct 133,38.869410832,-76.978869583,,2023-10-06 04:59:00+00:00,,784922745,,2025
406004.9476,134532.739700001,25036503,2025-03-13 04:00:00+00:00,MIDNIGHT,GUN,HOMICIDE,5000 - 5099 BLOCK OF H STREET SE,406004.947587526,134532.739674277,7.0,7E,6.0,604.0,Cluster 33,007707 3,7707.0,Precinct 106,38.8786065677,-76.9307945544,,2025-03-14 01:26:00+00:00,2025-03-14 06:24:00+00:00,784929388,,2025
402554.274800003,131862.0207,25023161,2025-02-16 05:00:00+00:00,MIDNIGHT,GUN,HOMICIDE,2900 - 2999 BLOCK OF KNOX PLACE SE,402554.274784323,131862.020727799,8.0,8B,7.0,702.0,Cluster 36,007408 2,7408.0,Precinct 115,38.8545644303,-76.9705725705,,2025-02-17 03:00:00+00:00,2025-02-17 03:02:00+00:00,784929790,,2025
401257.015699998,134458.295200001,25100901,2025-07-07 04:00:00+00:00,MIDNIGHT,GUN,HOMICIDE,1000 - 1099 BLOCK OF 14TH STREET SE,401257.01571112,134458.295194208,6.0,6B,1.0,106.0,Cluster 26,007100 1,7100.0,Precinct 91,38.8779555487,-76.9855133572,,2025-07-05 06:57:00+00:00,,784932346,,2025
405289.718400002,134417.210700002,25037685,2025-03-16 04:00:00+00:00,MIDNIGHT,GUN,HOMICIDE,1000 - 1199 BLOCK OF CHAPLIN STREET SE,405289.718434862,134417.21065017,7.0,7E,6.0,605.0,Cluster 33,007707 1,7707.0,Precinct 106,38.8775704307,-76.9390382693,,2025-03-16 07:29:00+00:00,,784932698,,2025
406535.864100002,137223.780200001,25001014,2025-01-02 05:00:00+00:00,MIDNIGHT,GUN,HOMICIDE,5200 - 5299 BLOCK OF JUST STREET NE,406535.864100018,137223.780156774,7.0,7C,6.0,608.0,Cluster 31,007809 1,7809.0,Precinct 94,38.9028446705,-76.924650285,,2025-01-03 02:51:00+00:00,,784933383,,2025
401004.766800001,131818.155200001,25071663,2025-05-14 04:00:00+00:00,MIDNIGHT,GUN,HOMICIDE,2400 - 2599 BLOCK OF ELVANS ROAD SE,401004.766846885,131818.155159758,8.0,8B,7.0,703.0,Cluster 37,007406 2,7406.0,Precinct 118,38.8541724053,-76.9884242906,,2025-05-15 03:25:00+00:00,,784933597,,2025
398099.100000001,137620.600000001,25098367,2025-07-01 04:00:00+00:00,MIDNIGHT,GUN,HOMICIDE,1200 - 1299 BLOCK OF 7TH STREET NW,398099.1,137620.6,2.0,2G,3.0,307.0,Cluster 7,004902 2,4902.0,Precinct 18,38.9064416062,-77.021915921,,2025-07-01 02:28:00+00:00,2025-07-31 02:30:00+00:00,784934084,,2025
401294.973700002,130781.414299998,25008309,2025-01-18 05:00:00+00:00,MIDNIGHT,GUN,HOMICIDE,1388 - 1397 BLOCK OF CONGRESS STREET SE,401294.973663155,130781.414294796,8.0,8E,7.0,705.0,Cluster 38,007304 3,7304.0,Precinct 120,38.8448326119,-76.9850828301,,2025-01-18 14:26:00+00:00,2025-01-18 19:29:00+00:00,784934144,,2025
400009.711999997,128664.473099999,25076989,2025-05-23 04:00:00+00:00,MIDNIGHT,GUN,HOMICIDE,4230 - 4299 BLOCK OF 4TH STREET SE,400009.711997962,128664.473076831,8.0,8E,7.0,706.0,Cluster 39,009811 1,9811.0,Precinct 125,38.8257631909,-76.9998881546,,2025-05-24 02:19:00+00:00,,784934650,,2025
400009.711999997,128664.473099999,25076989,2025-05-23 04:00:00+00:00,MIDNIGHT,GUN,HOMICIDE,4230 - 4299 BLOCK OF 4TH STREET SE,400009.711997962,128664.473076831,8.0,8E,7.0,706.0,Cluster 39,009811 1,9811.0,Precinct 125,38.8257631909,-76.9998881546,,2025-05-24 02:19:00+00:00,,784934651,,2025
401950.189999998,132982.98,25020544,2025-02-11 05:00:00+00:00,MIDNIGHT,GUN,HOMICIDE,1953 - 2099 BLOCK OF 19TH PLACE SE,401950.19,132982.98,8.0,8A,7.0,701.0,Cluster 28,007504 1,7504.0,Precinct 114,38.8646640502,-76.9775289645,,2025-02-11 19:44:00+00:00,2025-02-11 19:49:00+00:00,784935023,,2025
402240.325999998,136664.846099999,25064330,2025-05-02 04:00:00+00:00,MIDNIGHT,GUN,HOMICIDE,600 - 669 BLOCK OF 21ST STREET NE,402240.326016032,136664.846140256,7.0,7D,5.0,507.0,Cluster 25,007903 1,7903.0,Precinct 80,38.8978310369,-76.9741738746,,2025-05-02 16:50:00+00:00,,784936314,,2025
399228.024300002,128424.528299998,25112998,2025-07-26 04:00:00+00:00,MIDNIGHT,KNIFE,HOMICIDE,2 - 199 BLOCK OF GALVESTON STREET SW,399228.024253237,128424.528308609,8.0,8D,7.0,708.0,Cluster 39,009807 2,9807.0,Precinct 126,38.8236013165,-77.0088899643,,2025-07-26 10:40:00+00:00,2025-07-26 23:00:00+00:00,784936386,,2025
396942.200000003,140983.75,25077976,2025-05-25 04:00:00+00:00,MIDNIGHT,GUN,HOMICIDE,1498 - 1589 BLOCK OF SPRING PLACE NW,396942.2,140983.75,1.0,1D,4.0,408.0,Cluster 2,002801 2,2801.0,Precinct 41,38.9367346817,-77.0352690713,,2025-05-25 22:11:00+00:00,2025-05-26 08:09:00+00:00,784936728,,2025
397564.009999998,137620.920000002,25122340,2025-08-11 04:00:00+00:00,MIDNIGHT,GUN,HOMICIDE,1200 - 1299 BLOCK OF 12TH STREET NW,397564.01,137620.92,2.0,2F,3.0,307.0,Cluster 7,005004 1,5004.0,Precinct 17,38.9064431688,-77.0280850996,,2025-08-11 22:56:00+00:00,2025-08-12 02:36:00+00:00,785024394,,2025
404691.240000002,137003.289999999,24050332,2025-04-16 04:00:00+00:00,MIDNIGHT,GUN,HOMICIDE,740 - 899 BLOCK OF KENILWORTH AVENUE NE,404691.24,137003.29,7.0,7D,6.0,601.0,Cluster 30,009602 2,9602.0,Precinct 100,38.9008701974,-76.9459178177,,2024-04-04 20:09:00+00:00,2024-04-04 20:52:00+00:00,785024432,,2025
401550.420000002,137312.899999999,25089428,2025-06-15 04:00:00+00:00,MIDNIGHT,GUN,HOMICIDE,1000 - 1099 BLOCK OF 16TH STREET NE,401550.42,137312.9,5.0,5D,5.0,506.0,Cluster 23,008802 1,8802.0,Precinct 77,38.903670425,-76.9821255394,,2025-06-15 05:49:00+00:00,2025-06-15 17:22:00+00:00,785026594,,2025
393254.530000001,141351.899999999,25007196,2025-01-16 05:00:00+00:00,MIDNIGHT,GUN,HOMICIDE,10 - 99 BLOCK OF RIDGE SQUARE NW,393254.53,141351.9,3.0,3A,2.0,204.0,Cluster 14,001002 2,1002.0,Precinct 29,38.9400305108,-77.0778067509,,2025-01-16 07:19:00+00:00,2025-01-16 07:23:00+00:00,785027306,,2025
399075.710000001,128801.539999999,22108667,2025-01-02 05:00:00+00:00,MIDNIGHT,GUN,HOMICIDE,1 - 199 BLOCK OF DARRINGTON STREET SW,399075.71,128801.54,8.0,8D,7.0,708.0,Cluster 39,009807 3,9807.0,Precinct 126,38.8269974687,-77.0106445001,,2022-07-30 01:12:00+00:00,2022-07-30 01:13:00+00:00,785027406,,2025
397228.869999997,138264.18,25078649,2025-05-27 04:00:00+00:00,MIDNIGHT,GUN,HOMICIDE,1618 - 1699 BLOCK OF 14TH STREET NW,397228.87,138264.18,2.0,2F,3.0,301.0,Cluster 7,005202 3,5202.0,Precinct 16,38.9122368826,-77.0319516027,,2025-05-27 07:58:00+00:00,2025-05-27 18:06:00+00:00,785027441,,2025
402183.880000003,136751.77,25100809,2025-07-05 04:00:00+00:00,MIDNIGHT,GUN,HOMICIDE,1920 - 2099 BLOCK OF BENNING ROAD NE,402183.88,136751.77,7.0,7D,5.0,507.0,Cluster 25,007903 1,7903.0,Precinct 80,38.8986142204,-76.974824299,,2025-07-05 04:30:00+00:00,2025-07-05 04:34:00+00:00,785028600,,2025
397778.009999998,139146.039999999,25080117,2025-05-29 04:00:00+00:00,MIDNIGHT,GUN,HOMICIDE,962 - 999 BLOCK OF FLORIDA AVENUE NW,397778.01,139146.04,1.0,1B,3.0,305.0,Cluster 3,004401 3,4401.0,Precinct 22,38.9201825298,-77.0256227789,,2025-05-29 19:07:00+00:00,2025-05-29 19:09:00+00:00,785028768,,2025
400134.539999999,130213.309999999,25051634,2025-04-09 04:00:00+00:00,MIDNIGHT,GUN,HOMICIDE,3300 - 3699 BLOCK OF 6TH STREET SE,400134.54,130213.31,8.0,8C,7.0,705.0,Cluster 39,009804 1,9804.0,Precinct 122,38.8397158173,-76.9984503066,,2025-04-09 17:51:00+00:00,2025-04-09 17:52:00+00:00,785028909,,2025
401004.766800001,131818.155200001,25040405,2025-03-20 04:00:00+00:00,MIDNIGHT,GUN,HOMICIDE,2400 - 2599 BLOCK OF ELVANS ROAD SE,401004.766846885,131818.155159758,8.0,8B,7.0,703.0,Cluster 37,007406 2,7406.0,Precinct 118,38.8541724053,-76.9884242906,,2025-03-20 23:02:00+00:00,,785029367,,2025
400134.539999999,130213.309999999,25017167,2025-02-04 05:00:00+00:00,MIDNIGHT,GUN,HOMICIDE,3300 - 3699 BLOCK OF 6TH STREET SE,400134.54,130213.31,8.0,8C,7.0,705.0,Cluster 39,009804 1,9804.0,Precinct 122,38.8397158173,-76.9984503066,,2025-02-04 23:55:00+00:00,2025-02-05 00:13:00+00:00,785029554,,2025
401480.899999999,136535.43,25117155,2025-08-11 04:00:00+00:00,MIDNIGHT,OTHERS,HOMICIDE,1500 - 1599 BLOCK OF F STREET NE,401480.9,136535.43,7.0,7D,5.0,507.0,Cluster 25,007901 4,7901.0,Precinct 81,38.8966668167,-76.9829286968,,2025-08-02 17:37:00+00:00,2025-08-02 19:18:00+00:00,785031233,,2025
399029.399999999,136400.850000001,25117996,2025-08-03 04:00:00+00:00,MIDNIGHT,GUN,HOMICIDE,400 - 499 BLOCK OF NEW JERSEY AVENUE NW,399029.4,136400.85,6.0,6E,1.0,102.0,Cluster 8,005900 2,5900.0,Precinct 1,38.8954551825,-77.0111885512,DOWNTOWN,2025-08-04 03:04:00+00:00,2025-08-04 03:05:00+00:00,785032147,,2025
397169.259999998,143745.489999998,25007864,2025-01-17 05:00:00+00:00,MIDNIGHT,KNIFE,HOMICIDE,1332 - 1399 BLOCK OF MISSOURI AVENUE NW,397169.26,143745.49,4.0,4E,4.0,403.0,Cluster 18,002001 1,2001.0,Precinct 53,38.9616139564,-77.0326615282,,2025-01-17 16:48:00+00:00,2025-01-17 16:49:00+00:00,785032395,,2025
399272.369999997,136594.949999999,25020116,2025-02-10 05:00:00+00:00,MIDNIGHT,GUN,HOMICIDE,1 - 99 BLOCK OF MASSACHUSETTS AVENUE NE,399272.37,136594.95,6.0,6C,1.0,102.0,Cluster 25,010603 1,10603.0,Precinct 144,38.8972039407,-77.0083879302,CAPITOL HILL,2025-02-10 21:37:00+00:00,2025-02-10 21:38:00+00:00,785032519,,2025
399995.6919,134294.3884,25059197,2025-04-29 04:00:00+00:00,MIDNIGHT,GUN,HOMICIDE,400 - 499 BLOCK OF M STREET SE,399995.691933949,134294.388378056,8.0,8F,1.0,106.0,Cluster 27,007203 1,7203.0,Precinct 131,38.8764799099,-77.0000496478,CAPITOL RIVERFRONT,2025-04-23 22:59:00+00:00,2025-04-29 02:44:00+00:00,785033671,,2025
405684.576099999,135633.8979,10133557,2025-06-30 04:00:00+00:00,MIDNIGHT,GUN,HOMICIDE,4600 - 4699 BLOCK OF A STREET SE,405684.576067228,135633.897851299,7.0,7E,6.0,604.0,Cluster 33,009906 1,9906.0,Precinct 104,38.8885283511,-76.9344776422,,2010-09-15 00:45:00+00:00,2010-09-14 04:00:00+00:00,785043006,,2025
397998.100000001,140745.82,25049250,2025-04-05 04:00:00+00:00,MIDNIGHT,GUN,HOMICIDE,700 - 799 BLOCK OF OTIS PLACE NW,397998.1,140745.82,1.0,1E,4.0,409.0,Cluster 2,003200 1,3200.0,Precinct 43,38.9345943775,-77.023089487,,2025-04-05 02:40:00+00:00,,785044204,,2025
405337.450000003,136631.530000001,25061596,2025-04-28 04:00:00+00:00,MIDNIGHT,GUN,HOMICIDE,4400 - 4498 BLOCK OF FOOTE STREET NE,405337.45,136631.53,7.0,7C,6.0,602.0,Cluster 30,007803 2,7803.0,Precinct 98,38.8975175641,-76.9384709837,,2025-04-28 02:16:00+00:00,,785045992,,2025
399545.045400001,141443.1237,25108306,2025-07-19 04:00:00+00:00,MIDNIGHT,GUN,HOMICIDE,100 - 199 BLOCK OF FORT DRIVE NE,399545.045373531,141443.12371269,5.0,5A,4.0,405.0,Cluster 19,009510 3,9510.0,Precinct 44,38.9408780583,-77.0052478119,,2025-07-18 04:55:00+00:00,2025-07-18 14:53:00+00:00,785046234,,2025
400009.711999997,128664.473099999,25096183,2025-06-27 04:00:00+00:00,MIDNIGHT,GUN,HOMICIDE,4230 - 4299 BLOCK OF 4TH STREET SE,400009.711997962,128664.473076831,8.0,8E,7.0,706.0,Cluster 39,009811 1,9811.0,Precinct 125,38.8257631909,-76.9998881546,,2025-06-27 05:26:00+00:00,2025-06-27 05:28:00+00:00,785047636,,2025
405709.420000002,134801.32,25105330,2025-07-12 04:00:00+00:00,MIDNIGHT,GUN,HOMICIDE,4620 - 4799 BLOCK OF G STREET SE,405709.42,134801.32,7.0,7E,6.0,604.0,Cluster 33,009907 2,9907.0,Precinct 103,38.8810280121,-76.9341982,,2025-07-13 00:25:00+00:00,2025-07-13 03:57:00+00:00,785105690,,2025
404579.282700002,137347.1976,25011598,2025-01-25 05:00:00+00:00,MIDNIGHT,GUN,HOMICIDE,3500 - 3899 BLOCK OF JAY STREET NE,404579.282722203,137347.197628889,7.0,7D,6.0,601.0,Cluster 30,009602 2,9602.0,Precinct 100,38.9039688291,-76.9472062055,,2025-01-25 06:24:00+00:00,,785106701,,2025
401372.439999998,139313.609999999,24120318,2025-01-15 05:00:00+00:00,MIDNIGHT,OTHERS,HOMICIDE,1400 - 1499 BLOCK OF DOWNING STREET NE,401372.44,139313.61,5.0,5C,5.0,505.0,Cluster 22,009102 2,9102.0,Precinct 72,38.921693792,-76.9841734339,,2024-08-06 09:46:00+00:00,2024-08-06 11:54:00+00:00,785107131,,2025
399489.082400002,129550.73,25044176,2025-03-27 04:00:00+00:00,MIDNIGHT,GUN,HOMICIDE,3800 - 3899 BLOCK OF 1ST STREET SE,399489.082397479,129550.729973654,8.0,8D,7.0,707.0,Cluster 39,009803 3,9803.0,Precinct 124,38.8337468568,-77.0058844914,,2025-03-27 19:24:00+00:00,2025-03-27 19:40:00+00:00,785109007,,2025
406563.700000003,137414.989999998,25049705,2025-04-05 04:00:00+00:00,MIDNIGHT,GUN,HOMICIDE,1020 - 1023 BLOCK OF EASTERN AVENUE NE,406563.7,137414.99,7.0,7C,6.0,602.0,Cluster 31,007806 1,7806.0,Precinct 93,38.9045669482,-76.9243275473,,2025-04-06 01:26:00+00:00,2025-04-06 01:27:00+00:00,785110129,,2025
398683.189999998,136542.920000002,25075760,2025-05-21 04:00:00+00:00,MIDNIGHT,GUN,HOMICIDE,500 - 598 BLOCK OF 3RD STREET NW,398683.19,136542.92,6.0,6E,1.0,101.0,Cluster 8,005900 2,5900.0,Precinct 143,38.8967345505,-77.0151797448,DOWNTOWN,2025-05-22 01:06:00+00:00,,785111059,,2025
398683.189999998,136542.920000002,25075760,2025-05-21 04:00:00+00:00,MIDNIGHT,GUN,HOMICIDE,500 - 598 BLOCK OF 3RD STREET NW,398683.19,136542.92,6.0,6E,1.0,101.0,Cluster 8,005900 2,5900.0,Precinct 143,38.8967345505,-77.0151797448,DOWNTOWN,2025-05-22 01:06:00+00:00,,785111060,,2025
402606.649999999,132059.559999999,25088600,2025-06-13 04:00:00+00:00,MIDNIGHT,KNIFE,HOMICIDE,2483 - 2499 BLOCK OF ALABAMA AVENUE SE,402606.65,132059.56,8.0,8B,7.0,702.0,Cluster 36,007502 2,7502.0,Precinct 134,38.8563437948,-76.9699684146,,2025-06-13 18:27:00+00:00,2025-06-14 01:47:00+00:00,785113265,,2025
401893.189999998,133657.800900001,25082423,2025-06-02 04:00:00+00:00,MIDNIGHT,GUN,HOMICIDE,1800 - 1899 BLOCK OF Q STREET SE,401893.18998371,133657.800857465,8.0,8A,6.0,607.0,Cluster 34,007601 3,7601.0,Precinct 140,38.870743237,-76.9781838881,,2025-06-02 21:53:00+00:00,2025-06-02 21:54:00+00:00,785113990,,2025
398127.640000001,141506.289999999,25085416,2025-06-08 04:00:00+00:00,MIDNIGHT,KNIFE,HOMICIDE,4100 - 4199 BLOCK OF 7TH STREET NW,398127.64,141506.29,4.0,4C,4.0,407.0,Cluster 18,002400 3,2400.0,Precinct 45,38.9414452012,-77.0215974755,,2025-06-08 04:30:00+00:00,2025-06-08 09:42:00+00:00,785115037,,2025
400591.799999997,132715.09,25015769,2025-02-02 05:00:00+00:00,MIDNIGHT,GUN,HOMICIDE,2400 - 2500 BLOCK OF MARTIN LUTHER KING JR AVENUE SE,400591.8,132715.09,8.0,8A,7.0,703.0,Cluster 37,007407 2,7407.0,Precinct 119,38.8622527489,-76.9931812237,ANACOSTIA,2025-02-02 08:00:00+00:00,2025-02-02 08:02:00+00:00,785116617,,2025
400384.780000001,136927.940000001,25024226,2025-02-18 05:00:00+00:00,MIDNIGHT,GUN,HOMICIDE,700 - 799 BLOCK OF H STREET NE,400384.78,136927.94,6.0,6A,1.0,104.0,Cluster 25,008302 2,8302.0,Precinct 83,38.9002038516,-76.9955641693,,2025-02-19 02:42:00+00:00,2025-02-19 02:43:00+00:00,785118369,,2025
401251.258900002,132444.033,25078905,2025-05-27 04:00:00+00:00,MIDNIGHT,GUN,HOMICIDE,2300 - 2399 BLOCK OF PITTS PLACE SE,401251.258879114,132444.032952339,8.0,8A,7.0,701.0,Cluster 28,007504 1,7504.0,Precinct 114,38.8598102625,-76.9855833686,,2025-05-27 16:41:00+00:00,2025-05-28 16:41:00+00:00,785118654,,2025
401897.560000002,135000.25,25098447,2025-07-01 04:00:00+00:00,MIDNIGHT,GUN,HOMICIDE,1800 - 1899 BLOCK OF E STREET SE,401897.56,135000.25,6.0,6B,1.0,107.0,Cluster 26,006804 1,6804.0,Precinct 87,38.8828365396,-76.9781298243,,2025-07-01 06:04:00+00:00,2025-07-01 10:00:00+00:00,785118800,,2025
400998.151500002,130393.774999999,25078379,2025-05-26 04:00:00+00:00,MIDNIGHT,GUN,HOMICIDE,3400 - 3432 BLOCK OF 13TH STREET SE,400998.151518879,130393.775030436,8.0,8E,7.0,705.0,Cluster 38,007304 4,7304.0,Precinct 120,38.8413409714,-76.9885025712,,2025-05-26 17:59:00+00:00,2025-05-27 06:20:00+00:00,785119566,,2025
401873.4322,132965.8726,25119118,2025-08-05 04:00:00+00:00,MIDNIGHT,GUN,HOMICIDE,1850 - 1999 BLOCK OF U STREET SE,401873.432223691,132965.872600823,8.0,8A,7.0,701.0,Cluster 28,007504 2,7504.0,Precinct 114,38.8645101066,-76.9784134514,,2025-08-06 03:19:00+00:00,,785119923,,2025
398680.5088,134351.575300001,25101435,2025-07-06 04:00:00+00:00,MIDNIGHT,GUN,HOMICIDE,1100 - 1199 BLOCK OF 3RD STREET SW,398680.508796729,134351.575322109,6.0,6D,1.0,105.0,Cluster 9,010500 3,10500.0,Precinct 128,38.8769940825,-77.0152064449,SOUTHWEST,2025-07-06 05:21:00+00:00,2025-07-06 05:21:00+00:00,785121206,,2025
394283.409999996,142275.719999999,24154852,2025-07-11 04:00:00+00:00,MIDNIGHT,OTHERS,HOMICIDE,4500 - 4529 BLOCK OF CONNECTICUT AVENUE NW,394283.41,142275.72,3.0,3F,2.0,203.0,Cluster 12,001200 2,1200.0,Precinct 33,38.9483598392,-77.065946665,,2024-10-06 13:45:00+00:00,2024-10-06 18:45:00+00:00,785122725,,2025
400187.189999998,130742.0,25038941,2025-03-18 04:00:00+00:00,MIDNIGHT,GUN,HOMICIDE,3011 - 3024 BLOCK OF MARTIN LUTHER KING JR AVENUE SE,400187.19,130742.0,8.0,8C,7.0,705.0,Cluster 39,010400 1,10400.0,Precinct 123,38.8444784836,-76.9978437159,,2025-03-18 15:00:00+00:00,2025-03-18 15:00:00+00:00,785123934,,2025
397172.460000001,138470.210000001,25085458,2025-06-08 04:00:00+00:00,MIDNIGHT,GUN,HOMICIDE,1400 - 1429 BLOCK OF S STREET NW,397172.46,138470.21,2.0,2F,3.0,301.0,Cluster 3,004300 4,4300.0,Precinct 141,38.9140926905,-77.032602868,,2025-06-08 06:55:00+00:00,2025-06-08 10:00:00+00:00,785126118,,2025
405711.519100003,135520.707199998,25109737,2025-07-20 04:00:00+00:00,MIDNIGHT,OTHERS,HOMICIDE,4600 - 4899 BLOCK OF B STREET SE,405711.519075253,135520.707195194,7.0,7E,6.0,604.0,Cluster 33,009906 1,9906.0,Precinct 104,38.8875085125,-76.9341680289,,2025-07-20 19:12:00+00:00,2025-07-20 22:30:00+00:00,785127538,,2025
401258.350000001,137689.989999998,25072723,2025-05-16 04:00:00+00:00,MIDNIGHT,GUN,HOMICIDE,1200 - 1299 BLOCK OF HOLBROOK TERRACE NE,401258.35,137689.99,5.0,5D,5.0,506.0,Cluster 23,008804 1,8804.0,Precinct 78,38.9070678502,-76.985492061,,2025-05-16 22:33:00+00:00,2025-05-16 22:50:00+00:00,785128348,,2025
398055.460000001,138877.149999999,25115173,2025-07-30 04:00:00+00:00,MIDNIGHT,OTHERS,HOMICIDE,700 - 799 BLOCK OF V STREET NW,398055.46,138877.15,1.0,1B,3.0,305.0,Cluster 3,003500 3,3500.0,Precinct 37,38.9177609384,-77.0224226151,,2025-07-30 04:20:00+00:00,2025-07-30 05:15:00+00:00,785130483,,2025
402582.32,136976.510000002,25074962,2025-05-20 04:00:00+00:00,MIDNIGHT,GUN,HOMICIDE,600 - 899 BLOCK OF 26TH STREET NE,402582.32,136976.51,5.0,5D,5.0,507.0,Cluster 23,008904 3,8904.0,Precinct 79,38.9006376788,-76.9702302504,,2025-05-20 17:54:00+00:00,2025-05-20 17:54:00+00:00,785136830,,2025
400060.989500001,130892.3466,25064638,2025-05-03 04:00:00+00:00,MIDNIGHT,GUN,HOMICIDE,500 - 599 BLOCK OF NEWCOMB STREET SE,400060.989502009,130892.346646899,8.0,8C,7.0,707.0,Cluster 39,010400 3,10400.0,Precinct 123,38.8458328906,-76.9992974347,,2025-05-03 04:22:00+00:00,2025-05-03 04:23:00+00:00,785137301,,2025
399228.024300002,128424.528299998,25026405,2025-02-23 05:00:00+00:00,MIDNIGHT,GUN,HOMICIDE,2 - 199 BLOCK OF GALVESTON STREET SW,399228.024253237,128424.528308609,8.0,8D,7.0,708.0,Cluster 39,010900 2,10900.0,Precinct 126,38.8236013165,-77.0088899643,,2025-02-23 14:39:00+00:00,2025-02-23 14:54:00+00:00,785139877,,2025
400588.560000002,134293.780000001,25014626,2025-01-30 05:00:00+00:00,MIDNIGHT,GUN,HOMICIDE,900 - 999 BLOCK OF M STREET SE,400588.56,134293.78,8.0,8F,1.0,106.0,Cluster 27,007203 2,7203.0,Precinct 131,38.8764742324,-76.9932172037,CAPITOL RIVERFRONT,2025-01-31 01:36:00+00:00,2025-01-31 01:45:00+00:00,785143122,,2025
399877.710000001,137708.5,25056757,2025-04-20 04:00:00+00:00,MIDNIGHT,OTHERS,HOMICIDE,300 - 399 BLOCK OF N STREET NE,399877.71,137708.5,6.0,6C,5.0,501.0,Cluster 25,010602 4,10602.0,Precinct 144,38.9072354869,-77.0014099257,NOMA,2025-04-18 19:30:00+00:00,2025-04-19 12:06:00+00:00,785152434,,2025
398328.310000002,138650.899999999,24166858,2025-02-13 05:00:00+00:00,MIDNIGHT,OTHERS,HOMICIDE,500 - 603 BLOCK OF T STREET NW,398328.31,138650.9,1.0,1B,3.0,306.0,Cluster 3,003400 3,3400.0,Precinct 37,38.9157233649,-77.0192758136,,2024-10-27 09:04:00+00:00,,785152665,,2025
401701.350000001,136862.760000002,25026753,2025-02-24 05:00:00+00:00,MIDNIGHT,GUN,HOMICIDE,1516 - 1699 BLOCK OF BENNING ROAD NE,401701.35,136862.76,7.0,7D,5.0,507.0,Cluster 25,007901 4,7901.0,Precinct 81,38.8996151246,-76.9803866148,,2025-02-24 05:03:00+00:00,2025-02-24 11:20:00+00:00,785152845,,2025
401359.619999997,140389.82,25123234,2025-08-13 04:00:00+00:00,MIDNIGHT,GUN,HOMICIDE,3300 - 3399 BLOCK OF 15TH STREET NE,401359.62,140389.82,5.0,5B,5.0,504.0,Cluster 22,009301 4,9301.0,Precinct 73,38.9313886501,-76.9843191385,,2025-08-13 15:01:00+00:00,2025-08-14 01:00:00+00:00,785154352,,2025
